date,Open,High,Low,Close
3/1/2011,8.49,8.62,8.47,8.57
4/1/2011,8.62,8.66,8.6,8.61
5/1/2011,8.62,8.63,8.51,8.53
6/1/2011,8.54,8.57,8.43,8.44
7/1/2011,8.5,8.5,8.43,8.46
10/1/2011,8.45,8.47,8.36,8.36
11/1/2011,8.36,8.43,8.33,8.41
12/1/2011,8.41,8.48,8.4,8.46
13/1/2011,8.48,8.48,8.39,8.39
14/1/2011,8.39,8.44,8.37,8.44
17/1/2011,8.45,8.46,8.36,8.43
18/1/2011,8.43,8.54,8.39,8.5
19/1/2011,8.51,8.73,8.51,8.68
20/1/2011,8.68,8.68,8.52,8.55
21/1/2011,8.56,8.66,8.54,8.6
24/1/2011,8.65,8.65,8.52,8.56
25/1/2011,8.61,8.63,8.56,8.58
26/1/2011,8.58,8.62,8.54,8.62
27/1/2011,8.62,8.69,8.57,8.62
28/1/2011,8.64,8.64,8.53,8.57
31/1/2011,8.5,8.52,8.46,8.46
1/2/2011,8.46,8.48,8.38,8.4
2/2/2011,8.45,8.45,8.42,8.44
7/2/2011,8.44,8.45,8.35,8.37
8/2/2011,8.36,8.41,8.32,8.36
9/2/2011,8.38,8.38,8.3,8.34
10/2/2011,8.4,8.53,8.33,8.33
11/2/2011,8.35,8.43,8.28,8.3
14/2/2011,8.32,8.42,8.32,8.35
15/2/2011,8.35,8.35,8.22,8.3
16/2/2011,8.26,8.39,8.24,8.36
17/2/2011,8.36,8.4,8.31,8.32
18/2/2011,8.3,8.42,8.3,8.34
21/2/2011,8.32,8.34,8.26,8.29
22/2/2011,8.22,8.25,8.12,8.14
23/2/2011,8.14,8.15,8.04,8.09
24/2/2011,8.03,8.1,7.97,7.97
25/2/2011,7.97,8.03,7.96,8
28/2/2011,7.97,7.99,7.87,7.9
1/3/2011,7.92,7.99,7.91,7.97
2/3/2011,7.9,7.92,7.85,7.85
3/3/2011,7.86,7.92,7.83,7.85
4/3/2011,7.89,7.92,7.78,7.78
7/3/2011,7.78,7.79,7.73,7.77
8/3/2011,7.74,7.85,7.74,7.82
9/3/2011,7.82,7.86,7.78,7.79
10/3/2011,7.79,7.81,7.75,7.76
11/3/2011,7.72,7.74,7.63,7.64
14/3/2011,7.64,7.64,7.59,7.6
15/3/2011,7.55,7.56,7.26,7.27
16/3/2011,7.38,7.48,7.32,7.45
17/3/2011,7.35,7.39,7.31,7.33
18/3/2011,7.35,7.38,7.29,7.32
21/3/2011,7.4,7.65,7.38,7.61
22/3/2011,7.65,7.92,7.62,7.88
23/3/2011,7.8,7.86,7.73,7.8
24/3/2011,7.8,7.83,7.7,7.75
25/3/2011,7.8,7.94,7.8,7.85
28/3/2011,7.76,7.83,7.76,7.78
29/3/2011,7.76,7.78,7.72,7.74
30/3/2011,7.8,7.97,7.8,7.87
31/3/2011,7.89,7.94,7.78,7.85
1/4/2011,7.91,7.91,7.79,7.86
4/4/2011,7.91,8.05,7.82,8.01
5/4/2011,7.97,8.53,7.92,8.33
6/4/2011,8.42,8.46,8.31,8.32
7/4/2011,8.32,8.38,8.06,8.15
8/4/2011,8.22,8.4,8.22,8.38
11/4/2011,8.4,8.46,8.34,8.35
12/4/2011,8.29,8.32,8.22,8.23
13/4/2011,8.25,8.33,8.14,8.28
14/4/2011,8.26,8.28,8.21,8.21
15/4/2011,8.18,8.22,8.14,8.15
18/4/2011,8.15,8.16,8.05,8.08
19/4/2011,8.02,8.02,7.93,7.95
20/4/2011,7.99,8.05,7.96,7.98
21/4/2011,8,8.06,7.99,8.02
25/4/2011,8.03,8.06,7.98,8
26/4/2011,7.96,7.98,7.86,7.86
27/4/2011,7.93,7.98,7.83,7.86
28/4/2011,7.94,7.95,7.81,7.83
29/4/2011,7.8,7.84,7.77,7.8
3/5/2011,7.8,7.8,7.65,7.67
4/5/2011,7.67,7.67,7.51,7.56
5/5/2011,7.53,7.57,7.51,7.52
6/5/2011,7.5,7.52,7.45,7.51
9/5/2011,7.53,7.63,7.53,7.58
10/5/2011,7.56,7.67,7.55,7.63
11/5/2011,7.63,7.69,7.58,7.59
12/5/2011,7.55,7.57,7.52,7.54
13/5/2011,7.57,7.64,7.54,7.62
16/5/2011,7.56,7.58,7.52,7.53
18/5/2011,7.53,7.62,7.51,7.54
19/5/2011,7.53,7.62,7.53,7.59
20/5/2011,7.57,7.6,7.54,7.57
23/5/2011,7.52,7.53,7.4,7.46
24/5/2011,7.45,7.52,7.44,7.45
25/5/2011,7.43,7.45,7.39,7.45
26/5/2011,7.46,7.51,7.45,7.5
27/5/2011,7.5,7.58,7.5,7.51
30/5/2011,7.51,7.62,7.51,7.54
31/5/2011,7.59,7.64,7.51,7.52
1/6/2011,7.55,7.62,7.54,7.57
2/6/2011,7.51,7.56,7.49,7.51
3/6/2011,7.51,7.53,7.46,7.51
6/6/2011,7.46,7.48,7.41,7.46
7/6/2011,7.41,7.5,7.39,7.5
8/6/2011,7.46,7.51,7.44,7.51
9/6/2011,7.5,7.54,7.47,7.49
10/6/2011,7.52,7.54,7.42,7.43
13/6/2011,7.41,7.41,7.32,7.34
14/6/2011,7.38,7.38,7.31,7.33
15/6/2011,7.33,7.38,7.28,7.28
16/6/2011,7.26,7.29,7.18,7.18
17/6/2011,7.19,7.23,7.12,7.12
20/6/2011,7.15,7.2,7.09,7.09
21/6/2011,7.12,7.18,7.11,7.18
22/6/2011,7.22,7.24,7.11,7.11
23/6/2011,7.12,7.25,7.11,7.22
24/6/2011,7.24,7.36,7.22,7.31
27/6/2011,7.21,7.31,7.21,7.3
28/6/2011,7.36,7.37,7.3,7.31
29/6/2011,7.38,7.47,7.37,7.41
30/6/2011,7.46,7.57,7.46,7.53
1/7/2011,7.53,7.62,7.53,7.58
4/7/2011,7.64,7.72,7.61,7.63
5/7/2011,7.69,7.69,7.6,7.65
6/7/2011,7.68,7.72,7.62,7.62
7/7/2011,7.6,7.7,7.6,7.61
8/7/2011,7.66,7.72,7.65,7.68
11/7/2011,7.62,7.64,7.46,7.5
12/7/2011,7.43,7.48,7.26,7.36
13/7/2011,7.4,7.49,7.36,7.46
14/7/2011,7.5,7.5,7.38,7.42
15/7/2011,7.42,7.42,7.26,7.29
18/7/2011,7.28,7.31,7.21,7.21
19/7/2011,7.23,7.26,7.14,7.18
20/7/2011,7.26,7.27,7.23,7.24
21/7/2011,7.26,7.38,7.24,7.31
22/7/2011,7.38,7.45,7.37,7.45
25/7/2011,7.39,7.44,7.35,7.44
26/7/2011,7.44,7.47,7.42,7.42
27/7/2011,7.38,7.49,7.37,7.46
28/7/2011,7.38,7.49,7.38,7.45
29/7/2011,7.49,7.53,7.4,7.47
1/8/2011,7.55,7.65,7.47,7.47
2/8/2011,7.47,7.47,7.35,7.35
3/8/2011,7.3,7.41,7.2,7.4
4/8/2011,7.4,7.42,7.33,7.33
5/8/2011,7.01,7.2,7.01,7.15
8/8/2011,7.05,7.13,6.93,7.03
10/8/2011,7.12,7.15,6.86,6.87
11/8/2011,6.8,6.84,6.56,6.7
12/8/2011,6.79,6.91,6.78,6.84
15/8/2011,6.92,7.04,6.91,7
16/8/2011,7.06,7.1,6.82,6.83
17/8/2011,6.92,7.01,6.86,6.92
18/8/2011,6.92,6.98,6.85,6.85
19/8/2011,6.75,6.75,6.65,6.67
22/8/2011,6.66,6.74,6.6,6.73
23/8/2011,6.73,6.87,6.68,6.8
24/8/2011,6.88,6.89,6.76,6.81
25/8/2011,6.89,6.89,6.8,6.86
26/8/2011,6.84,6.85,6.73,6.76
29/8/2011,6.77,6.85,6.77,6.81
31/8/2011,6.8,7.01,6.8,7.01
1/9/2011,7.06,7.18,6.93,6.93
2/9/2011,6.91,6.98,6.82,6.87
5/9/2011,6.74,6.85,6.74,6.82
6/9/2011,6.8,6.93,6.76,6.92
7/9/2011,6.93,6.97,6.89,6.96
8/9/2011,6.98,7.03,6.94,7.01
9/9/2011,7,7.02,6.85,6.89
12/9/2011,6.76,6.81,6.72,6.75
13/9/2011,6.79,6.85,6.76,6.77
14/9/2011,6.89,6.89,6.7,6.84
15/9/2011,6.89,6.89,6.75,6.81
16/9/2011,6.84,6.9,6.84,6.88
19/9/2011,6.83,6.85,6.76,6.78
20/9/2011,6.8,6.83,6.73,6.82
21/9/2011,6.78,6.84,6.76,6.79
22/9/2011,6.7,6.74,6.68,6.71
23/9/2011,6.68,6.7,6.64,6.69
26/9/2011,6.69,6.7,6.5,6.62
27/9/2011,6.69,6.75,6.67,6.74
28/9/2011,6.75,6.77,6.7,6.71
29/9/2011,6.65,6.73,6.65,6.72
30/9/2011,6.74,6.74,6.55,6.63
3/10/2011,6.5,6.56,6.4,6.4
4/10/2011,6.28,6.33,6.14,6.14
5/10/2011,6.18,6.25,6.11,6.13
6/10/2011,6.24,6.24,6.13,6.18
7/10/2011,6.21,6.26,6.12,6.17
10/10/2011,6.24,6.28,6.21,6.26
11/10/2011,6.25,6.27,6.19,6.24
12/10/2011,6.21,6.3,6.19,6.3
13/10/2011,6.3,6.3,6.22,6.26
14/10/2011,6.25,6.27,6.2,6.25
17/10/2011,6.32,6.33,6.24,6.29
18/10/2011,6.26,6.26,6.11,6.14
19/10/2011,6.2,6.26,6.19,6.2
20/10/2011,6.2,6.22,6.15,6.15
21/10/2011,6.2,6.24,6.15,6.21
24/10/2011,6.27,6.41,6.25,6.4
25/10/2011,6.46,6.5,6.39,6.44
27/10/2011,6.44,6.85,6.44,6.7
28/10/2011,6.9,6.92,6.78,6.8
31/10/2011,6.85,6.85,6.65,6.75
1/11/2011,6.72,6.72,6.5,6.53
2/11/2011,6.45,6.64,6.34,6.64
3/11/2011,6.5,6.53,6.38,6.51
4/11/2011,6.58,6.61,6.48,6.49
8/11/2011,6.53,6.56,6.47,6.55
9/11/2011,6.6,6.6,6.5,6.53
10/11/2011,6.38,6.4,6.31,6.38
11/11/2011,6.39,6.44,6.36,6.42
14/11/2011,6.49,6.53,6.48,6.48
15/11/2011,6.48,6.51,6.4,6.4
16/11/2011,6.4,6.44,6.31,6.36
17/11/2011,6.3,6.38,6.27,6.3
18/11/2011,6.26,6.29,6.2,6.2
21/11/2011,6.15,6.18,6.1,6.1
22/11/2011,6.1,6.15,6.08,6.14
23/11/2011,6.1,6.13,6.03,6.04
24/11/2011,6.01,6.11,6.01,6.06
25/11/2011,6.06,6.06,6,6
28/11/2011,6.1,6.18,6.08,6.18
29/11/2011,6.18,6.18,6.1,6.1
30/11/2011,6.19,6.19,6.1,6.15
1/12/2011,6.34,6.38,6.27,6.3
2/12/2011,6.3,6.33,6.22,6.3
5/12/2011,6.31,6.31,6.22,6.25
6/12/2011,6.26,6.28,6.2,6.24
7/12/2011,6.27,6.3,6.24,6.29
8/12/2011,6.26,6.28,6.22,6.24
9/12/2011,6.17,6.17,6.05,6.09
12/12/2011,6.15,6.17,6.03,6.1
13/12/2011,6.04,6.09,6.03,6.03
14/12/2011,6.01,6.08,6.01,6.01
15/12/2011,5.99,6.04,5.99,6
16/12/2011,6.04,6.05,6,6.05
19/12/2011,6,6.02,5.91,5.93
20/12/2011,5.95,6.01,5.92,6
21/12/2011,6.1,6.1,6.05,6.06
22/12/2011,6.01,6.09,6.01,6.09
23/12/2011,6.12,6.12,6.07,6.09
27/12/2011,6.09,6.1,6.04,6.05
28/12/2011,6.09,6.1,6.06,6.08
29/12/2011,6.07,6.13,6.05,6.13
30/12/2011,6.09,6.13,6.09,6.13
3/1/2012,6.15,6.2,6.11,6.19
4/1/2012,6.2,6.24,6.13,6.23
5/1/2012,6.2,6.21,6.16,6.18
6/1/2012,6.15,6.18,6.12,6.14
9/1/2012,6.09,6.13,6.05,6.12
10/1/2012,6.12,6.18,6.09,6.16
11/1/2012,6.11,6.16,6.1,6.15
12/1/2012,6.13,6.22,6.13,6.15
13/1/2012,6.16,6.25,6.16,6.24
16/1/2012,6.17,6.19,6.09,6.1
17/1/2012,6.1,6.31,6.1,6.27
18/1/2012,6.24,6.31,6.2,6.23
19/1/2012,6.28,6.35,6.27,6.33
20/1/2012,6.37,6.45,6.33,6.42
25/1/2012,6.5,6.5,6.44,6.5
26/1/2012,6.52,6.55,6.45,6.52
27/1/2012,6.47,6.57,6.44,6.57
30/1/2012,6.58,6.62,6.49,6.49
31/1/2012,6.42,6.5,6.38,6.5
1/2/2012,6.48,6.51,6.43,6.47
2/2/2012,6.55,6.72,6.51,6.64
3/2/2012,6.7,6.75,6.66,6.7
6/2/2012,6.8,6.96,6.78,6.92
7/2/2012,6.92,7.09,6.92,7.05
8/2/2012,7.1,7.27,7.08,7.24
9/2/2012,7.23,7.29,7.09,7.29
10/2/2012,7.3,7.35,7.13,7.18
13/2/2012,7.2,7.29,7.13,7.27
14/2/2012,7.25,7.25,7.16,7.23
15/2/2012,7.22,7.3,7.18,7.28
16/2/2012,7.2,7.26,7.1,7.14
17/2/2012,7.2,7.24,7.1,7.15
20/2/2012,7.24,7.24,7.16,7.21
21/2/2012,7.21,7.22,7.16,7.21
22/2/2012,7.23,7.23,7.16,7.2
23/2/2012,7.17,7.21,7.1,7.13
24/2/2012,7.16,7.24,7.15,7.16
27/2/2012,7.12,7.18,7.1,7.11
28/2/2012,7.12,7.18,7.11,7.17
29/2/2012,7.13,7.23,7.13,7.21
1/3/2012,7.25,7.26,7.15,7.2
2/3/2012,7.24,7.24,7.14,7.2
5/3/2012,7.22,7.22,7.11,7.15
6/3/2012,7.15,7.15,6.83,6.85
7/3/2012,6.75,6.8,6.73,6.75
8/3/2012,6.79,6.9,6.79,6.9
9/3/2012,6.9,6.95,6.84,6.84
12/3/2012,6.85,6.88,6.8,6.8
13/3/2012,6.87,6.9,6.85,6.9
14/3/2012,7,7.12,7,7.05
15/3/2012,7.08,7.11,7.05,7.08
16/3/2012,7.1,7.13,7.05,7.13
19/3/2012,7.15,7.15,6.96,6.98
20/3/2012,6.96,7.08,6.96,7.03
21/3/2012,6.98,7.03,6.98,7.03
22/3/2012,7.01,7.06,6.96,6.98
23/3/2012,6.95,7,6.95,6.98
26/3/2012,6.97,6.99,6.92,6.92
27/3/2012,6.97,7.03,6.96,7.02
28/3/2012,7,7,6.95,7
29/3/2012,6.96,7.02,6.96,6.97
30/3/2012,7,7,6.94,6.94
2/4/2012,6.95,6.97,6.93,6.93
3/4/2012,6.99,6.99,6.93,6.98
4/4/2012,6.93,6.96,6.82,6.82
5/4/2012,6.8,6.83,6.74,6.77
9/4/2012,6.75,6.76,6.67,6.68
10/4/2012,6.68,6.76,6.67,6.74
11/4/2012,6.65,6.69,6.65,6.65
12/4/2012,6.67,6.71,6.66,6.66
13/4/2012,6.75,6.75,6.7,6.73
16/4/2012,6.68,6.73,6.68,6.7
17/4/2012,6.73,6.74,6.66,6.72
18/4/2012,6.77,6.85,6.77,6.82
19/4/2012,6.82,6.86,6.77,6.86
20/4/2012,6.8,6.81,6.78,6.8
23/4/2012,6.8,6.81,6.71,6.71
24/4/2012,6.75,6.77,6.71,6.73
25/4/2012,6.75,6.78,6.71,6.75
26/4/2012,6.76,6.8,6.7,6.8
27/4/2012,6.82,6.82,6.73,6.77
30/4/2012,6.71,6.75,6.66,6.7
2/5/2012,6.7,6.76,6.7,6.75
3/5/2012,6.75,6.78,6.71,6.71
4/5/2012,6.71,6.75,6.7,6.71
7/5/2012,6.67,6.67,6.56,6.57
8/5/2012,6.59,6.63,6.55,6.55
9/5/2012,6.53,6.53,6.5,6.5
10/5/2012,6.5,6.54,6.5,6.51
11/5/2012,6.51,6.51,6.45,6.45
14/5/2012,6.45,6.48,6.35,6.36
15/5/2012,6.35,6.45,6.32,6.39
16/5/2012,6.34,6.36,6.27,6.27
17/5/2012,6.28,6.3,6.25,6.25
18/5/2012,6.18,6.21,6.11,6.2
21/5/2012,6.18,6.25,6.16,6.22
22/5/2012,6.28,6.4,6.27,6.32
23/5/2012,6.26,6.38,6.21,6.21
24/5/2012,6.21,6.26,6.21,6.24
25/5/2012,6.21,6.28,6.18,6.27
28/5/2012,6.26,6.29,6.24,6.25
29/5/2012,6.22,6.29,6.22,6.23
30/5/2012,6.22,6.26,6.21,6.21
31/5/2012,6.16,6.23,6.14,6.19
1/6/2012,6.15,6.19,6.11,6.12
4/6/2012,6.07,6.1,6.05,6.06
5/6/2012,6.1,6.14,6.1,6.11
6/6/2012,6.12,6.3,6.12,6.28
7/6/2012,6.3,6.35,6.18,6.19
8/6/2012,6.14,6.19,6.13,6.13
11/6/2012,6.24,6.3,6.21,6.27
12/6/2012,6.18,6.29,6.15,6.29
13/6/2012,6.24,6.26,6.19,6.22
14/6/2012,6.19,6.21,6.17,6.18
15/6/2012,6.22,6.28,6.19,6.25
18/6/2012,6.35,6.38,6.27,6.3
19/6/2012,6.34,6.34,6.3,6.32
20/6/2012,6.34,6.42,6.34,6.4
21/6/2012,6.4,6.4,6.36,6.4
22/6/2012,6.33,6.35,6.31,6.31
25/6/2012,6.3,6.3,6.25,6.28
26/6/2012,6.25,6.32,6.25,6.28
27/6/2012,6.28,6.33,6.28,6.33
28/6/2012,6.37,6.37,6.23,6.23
29/6/2012,6.3,6.37,6.27,6.31
2/7/2012,6.41,6.43,6.34,6.36
3/7/2012,6.39,6.48,6.37,6.43
4/7/2012,6.5,6.55,6.47,6.48
5/7/2012,6.5,6.51,6.44,6.47
6/7/2012,6.48,6.5,6.44,6.49
9/7/2012,6.45,6.46,6.4,6.41
10/7/2012,6.46,6.48,6.4,6.48
11/7/2012,6.43,6.56,6.42,6.55
12/7/2012,6.55,6.57,6.48,6.5
13/7/2012,6.5,6.53,6.46,6.5
16/7/2012,6.53,6.53,6.45,6.52
17/7/2012,6.52,6.58,6.5,6.56
18/7/2012,6.59,6.6,6.53,6.59
19/7/2012,6.65,6.68,6.63,6.68
20/7/2012,6.72,6.84,6.69,6.75
23/7/2012,6.67,6.67,6.52,6.53
24/7/2012,6.57,6.64,6.55,6.62
25/7/2012,6.6,6.62,6.55,6.6
26/7/2012,6.67,6.71,6.62,6.62
27/7/2012,6.72,6.72,6.64,6.65
30/7/2012,6.7,6.72,6.64,6.68
31/7/2012,6.53,6.7,6.53,6.69
1/8/2012,6.64,6.7,6.63,6.69
2/8/2012,6.71,6.74,6.69,6.69
3/8/2012,6.67,6.71,6.66,6.69
6/8/2012,6.78,6.79,6.74,6.78
7/8/2012,6.8,6.85,6.8,6.81
8/8/2012,6.86,6.87,6.83,6.85
10/8/2012,6.9,6.91,6.85,6.89
13/8/2012,6.9,6.95,6.87,6.95
14/8/2012,6.95,6.98,6.89,6.96
15/8/2012,6.96,6.96,6.89,6.9
16/8/2012,6.91,6.96,6.91,6.95
17/8/2012,6.98,6.98,6.92,6.95
21/8/2012,6.95,6.95,6.89,6.94
22/8/2012,6.88,6.95,6.85,6.95
23/8/2012,6.95,6.97,6.91,6.91
24/8/2012,6.96,6.96,6.87,6.94
27/8/2012,6.94,6.97,6.89,6.95
28/8/2012,6.92,7.04,6.92,7.03
29/8/2012,7.04,7.09,7.04,7.08
30/8/2012,7,7.04,6.95,6.97
31/8/2012,6.95,7.04,6.92,7.04
3/9/2012,6.99,7.02,6.98,7
4/9/2012,7.04,7.04,6.98,6.99
5/9/2012,6.95,7,6.9,6.91
6/9/2012,6.9,6.93,6.87,6.9
7/9/2012,6.97,7.05,6.95,7.02
10/9/2012,7,7.02,6.96,6.96
11/9/2012,6.94,6.94,6.82,6.92
12/9/2012,6.92,6.94,6.86,6.93
13/9/2012,6.94,6.94,6.87,6.88
14/9/2012,6.94,7.05,6.94,7.04
17/9/2012,7.08,7.14,7.07,7.12
18/9/2012,7.11,7.2,7.11,7.19
19/9/2012,7.19,7.25,7.16,7.22
20/9/2012,7.2,7.22,7.15,7.21
21/9/2012,7.24,7.28,7.21,7.27
24/9/2012,7.25,7.26,7.16,7.19
25/9/2012,7.19,7.23,7.17,7.18
26/9/2012,6.98,7.03,6.9,6.9
27/9/2012,6.88,6.94,6.86,6.89
28/9/2012,6.9,7.05,6.9,7
1/10/2012,7.01,7.02,6.99,7
2/10/2012,7,7,6.97,6.98
3/10/2012,6.98,6.98,6.92,6.94
4/10/2012,6.94,6.96,6.93,6.96
5/10/2012,6.99,6.99,6.94,6.95
8/10/2012,6.97,6.97,6.9,6.91
9/10/2012,6.9,6.99,6.89,6.98
10/10/2012,6.89,6.93,6.86,6.87
11/10/2012,6.83,6.84,6.78,6.79
12/10/2012,6.76,6.85,6.75,6.77
15/10/2012,6.76,6.86,6.76,6.79
16/10/2012,6.81,6.88,6.81,6.85
17/10/2012,6.9,6.92,6.84,6.84
18/10/2012,6.86,6.88,6.85,6.85
19/10/2012,6.81,6.84,6.78,6.8
22/10/2012,6.78,6.81,6.77,6.79
23/10/2012,6.79,6.81,6.77,6.77
24/10/2012,6.71,6.79,6.7,6.72
25/10/2012,6.73,6.82,6.73,6.79
29/10/2012,6.72,6.76,6.7,6.7
30/10/2012,6.7,6.73,6.68,6.71
31/10/2012,6.75,6.78,6.7,6.73
1/11/2012,6.69,6.7,6.66,6.66
2/11/2012,6.68,6.72,6.66,6.7
5/11/2012,6.7,6.71,6.67,6.69
6/11/2012,6.69,6.74,6.68,6.7
7/11/2012,6.71,6.83,6.69,6.78
8/11/2012,6.69,6.73,6.66,6.69
9/11/2012,6.65,6.71,6.65,6.7
12/11/2012,6.69,6.72,6.66,6.72
14/11/2012,6.66,6.68,6.65,6.66
15/11/2012,6.63,6.64,6.57,6.57
16/11/2012,6.52,6.61,6.52,6.55
19/11/2012,6.56,6.58,6.5,6.5
20/11/2012,6.53,6.57,6.5,6.53
21/11/2012,6.52,6.57,6.5,6.53
22/11/2012,6.57,6.63,6.55,6.62
23/11/2012,6.65,6.65,6.61,6.63
26/11/2012,6.67,6.67,6.62,6.65
27/11/2012,6.65,6.7,6.63,6.7
28/11/2012,6.69,6.79,6.67,6.74
29/11/2012,6.82,6.9,6.78,6.9
30/11/2012,6.96,6.97,6.89,6.89
3/12/2012,6.92,6.93,6.81,6.84
4/12/2012,6.84,6.87,6.8,6.85
5/12/2012,6.88,6.95,6.88,6.94
6/12/2012,6.96,6.97,6.89,6.91
7/12/2012,6.95,6.98,6.94,6.97
10/12/2012,7,7.04,6.98,7
11/12/2012,7.01,7.03,6.98,7.02
12/12/2012,7.03,7.05,6.98,7
13/12/2012,7.03,7.03,6.98,6.99
14/12/2012,7,7,6.98,7
17/12/2012,7,7.02,6.95,6.98
18/12/2012,7.03,7.03,6.99,7
19/12/2012,7.02,7.02,7,7.02
20/12/2012,6.97,7.02,6.95,7.02
21/12/2012,7.04,7.07,6.97,6.98
24/12/2012,6.96,7.02,6.95,7
26/12/2012,7.03,7.03,7,7.03
27/12/2012,7.03,7.04,6.98,7.03
28/12/2012,7.03,7.04,6.96,7.01
31/12/2012,6.95,7.01,6.95,7.01
2/1/2013,7.03,7.09,7.02,7.06
3/1/2013,7.11,7.13,7.08,7.1
4/1/2013,7.1,7.12,7.09,7.1
7/1/2013,7.13,7.16,7.08,7.1
8/1/2013,7.1,7.12,7.04,7.08
9/1/2013,7.04,7.12,7.04,7.11
10/1/2013,7.11,7.12,7.08,7.11
11/1/2013,7.12,7.27,7.12,7.24
14/1/2013,7.24,7.4,7.22,7.35
15/1/2013,7.35,7.44,7.35,7.4
16/1/2013,7.41,7.42,7.38,7.4
17/1/2013,7.4,7.47,7.4,7.43
18/1/2013,7.45,7.48,7.41,7.45
21/1/2013,7.43,7.6,7.43,7.6
22/1/2013,7.59,7.6,7.47,7.54
23/1/2013,7.57,7.7,7.55,7.63
24/1/2013,7.65,7.66,7.6,7.63
25/1/2013,7.63,7.7,7.61,7.7
28/1/2013,7.63,7.69,7.63,7.69
29/1/2013,7.69,7.72,7.66,7.7
30/1/2013,7.68,7.83,7.68,7.83
31/1/2013,7.83,7.83,7.73,7.79
1/2/2013,7.78,7.8,7.76,7.79
4/2/2013,7.84,7.85,7.79,7.83
5/2/2013,7.79,7.8,7.69,7.7
6/2/2013,7.71,7.78,7.71,7.77
7/2/2013,7.77,7.78,7.68,7.68
8/2/2013,7.67,7.77,7.67,7.77
13/2/2013,7.8,7.83,7.79,7.81
14/2/2013,7.82,7.83,7.78,7.82
15/2/2013,7.84,7.84,7.75,7.8
18/2/2013,7.79,7.79,7.75,7.77
19/2/2013,7.77,7.8,7.74,7.78
20/2/2013,7.8,7.82,7.78,7.8
21/2/2013,7.77,7.79,7.6,7.64
22/2/2013,7.64,7.65,7.57,7.57
25/2/2013,7.59,7.67,7.59,7.64
26/2/2013,7.58,7.63,7.55,7.59
27/2/2013,7.63,7.65,7.59,7.6
28/2/2013,7.66,7.72,7.6,7.6
1/3/2013,7.58,7.65,7.58,7.58
4/3/2013,7.56,7.57,7.45,7.46
5/3/2013,7.48,7.51,7.42,7.44
6/3/2013,7.5,7.64,7.5,7.62
7/3/2013,7.65,7.7,7.62,7.69
8/3/2013,7.72,7.75,7.7,7.71
11/3/2013,7.69,7.72,7.63,7.67
12/3/2013,7.66,7.72,7.66,7.72
13/3/2013,7.72,7.72,7.64,7.66
14/3/2013,7.67,7.7,7.61,7.68
15/3/2013,7.7,7.74,7.68,7.68
18/3/2013,7.7,7.71,7.66,7.68
19/3/2013,7.68,7.69,7.68,7.69
20/3/2013,7.64,7.67,7.6,7.6
21/3/2013,7.61,7.69,7.61,7.65
22/3/2013,7.61,7.68,7.6,7.6
25/3/2013,7.63,7.65,7.6,7.6
26/3/2013,7.64,7.67,7.6,7.64
27/3/2013,7.65,7.7,7.65,7.7
28/3/2013,7.71,7.72,7.67,7.7
1/4/2013,7.66,7.68,7.65,7.68
2/4/2013,7.64,7.69,7.63,7.67
3/4/2013,7.71,7.72,7.67,7.69
4/4/2013,7.65,7.66,7.58,7.58
5/4/2013,7.6,7.62,7.56,7.57
8/4/2013,7.57,7.71,7.57,7.7
9/4/2013,7.7,7.75,7.7,7.75
10/4/2013,7.72,7.74,7.65,7.67
11/4/2013,7.69,7.71,7.68,7.71
12/4/2013,7.68,7.72,7.68,7.7
15/4/2013,7.67,7.73,7.66,7.66
16/4/2013,7.59,7.7,7.55,7.7
17/4/2013,7.75,7.82,7.75,7.79
18/4/2013,7.75,7.77,7.68,7.73
19/4/2013,7.7,7.72,7.64,7.72
22/4/2013,7.7,7.7,7.54,7.55
23/4/2013,7.55,7.56,7.41,7.42
24/4/2013,7.46,7.48,7.4,7.48
25/4/2013,7.47,7.55,7.47,7.53
26/4/2013,7.59,7.59,7.52,7.54
29/4/2013,7.58,7.59,7.54,7.54
30/4/2013,7.6,7.6,7.48,7.48
2/5/2013,7.45,7.49,7.42,7.49
3/5/2013,7.54,7.55,7.48,7.51
6/5/2013,7.55,7.59,7.53,7.57
7/5/2013,7.56,7.64,7.56,7.61
8/5/2013,7.62,7.69,7.62,7.65
9/5/2013,7.66,7.71,7.64,7.66
10/5/2013,7.7,7.73,7.66,7.7
13/5/2013,7.7,7.72,7.68,7.68
14/5/2013,7.72,7.78,7.72,7.77
15/5/2013,7.79,7.82,7.78,7.82
16/5/2013,7.85,7.85,7.75,7.78
17/5/2013,7.78,7.78,7.74,7.78
20/5/2013,7.77,7.77,7.7,7.7
21/5/2013,7.68,7.68,7.6,7.62
22/5/2013,7.63,7.77,7.63,7.73
23/5/2013,7.66,7.74,7.55,7.57
27/5/2013,7.57,7.6,7.51,7.53
28/5/2013,7.53,7.58,7.53,7.58
29/5/2013,7.6,7.64,7.59,7.59
30/5/2013,7.53,7.6,7.48,7.6
31/5/2013,7.54,7.55,7.4,7.4
3/6/2013,7.33,7.37,7.26,7.27
4/6/2013,7.3,7.43,7.3,7.39
5/6/2013,7.37,7.38,7.23,7.27
6/6/2013,7.2,7.24,7.19,7.19
7/6/2013,7.2,7.23,7.16,7.16
10/6/2013,7.21,7.23,7.16,7.18
11/6/2013,7.18,7.18,7.11,7.14
12/6/2013,7.09,7.14,7.08,7.14
13/6/2013,7.02,7.14,6.95,7.11
14/6/2013,7.17,7.26,7.15,7.25
17/6/2013,7.23,7.28,7.18,7.26
18/6/2013,7.28,7.36,7.26,7.36
19/6/2013,7.32,7.35,7.25,7.28
20/6/2013,7.26,7.26,7.1,7.11
21/6/2013,7,7.18,6.98,7.18
24/6/2013,7.1,7.11,7.02,7.05
25/6/2013,7.05,7.15,7,7.12
26/6/2013,7.13,7.16,7.06,7.14
27/6/2013,7.16,7.18,7.03,7.03
28/6/2013,7.05,7.09,7.02,7.03
1/7/2013,7.01,7.05,7,7.04
2/7/2013,7.06,7.13,7.06,7.08
3/7/2013,7.11,7.12,7.02,7.04
4/7/2013,7.09,7.11,7.06,7.07
5/7/2013,7.13,7.25,7.11,7.2
8/7/2013,7.21,7.35,7.18,7.31
9/7/2013,7.37,7.4,7.33,7.4
10/7/2013,7.4,7.43,7.29,7.32
11/7/2013,7.38,7.43,7.35,7.43
12/7/2013,7.46,7.5,7.41,7.42
15/7/2013,7.48,7.5,7.45,7.46
16/7/2013,7.49,7.49,7.43,7.44
17/7/2013,7.49,7.49,7.41,7.41
18/7/2013,7.45,7.48,7.43,7.46
19/7/2013,7.46,7.47,7.45,7.45
22/7/2013,7.49,7.54,7.47,7.49
23/7/2013,7.5,7.55,7.48,7.55
24/7/2013,7.6,7.67,7.57,7.65
25/7/2013,7.6,7.66,7.57,7.57
26/7/2013,7.62,7.62,7.54,7.57
29/7/2013,7.58,7.61,7.54,7.56
30/7/2013,7.6,7.66,7.55,7.61
31/7/2013,7.61,7.65,7.58,7.63
1/8/2013,7.66,7.67,7.6,7.64
2/8/2013,7.65,7.66,7.63,7.66
5/8/2013,7.66,7.68,7.61,7.66
6/8/2013,7.65,7.65,7.56,7.58
7/8/2013,7.58,7.65,7.55,7.55
12/8/2013,7.59,7.7,7.57,7.68
13/8/2013,7.64,7.68,7.6,7.67
14/8/2013,7.68,7.68,7.59,7.65
15/8/2013,7.6,7.63,7.58,7.61
16/8/2013,7.57,7.59,7.51,7.55
19/8/2013,7.52,7.58,7.51,7.51
20/8/2013,7.51,7.54,7.4,7.42
21/8/2013,7.4,7.46,7.39,7.39
22/8/2013,7.3,7.41,7.27,7.37
23/8/2013,7.34,7.4,7.29,7.3
26/8/2013,7.3,7.4,7.3,7.36
27/8/2013,7.3,7.35,7.21,7.24
28/8/2013,7.18,7.21,7.14,7.16
29/8/2013,7.17,7.2,7.11,7.17
30/8/2013,7.13,7.29,7.12,7.27
2/9/2013,7.25,7.28,7.21,7.25
3/9/2013,7.21,7.34,7.21,7.31
4/9/2013,7.25,7.27,7.21,7.21
5/9/2013,7.24,7.3,7.24,7.28
6/9/2013,7.27,7.35,7.25,7.35
9/9/2013,7.39,7.44,7.36,7.41
10/9/2013,7.43,7.47,7.38,7.47
11/9/2013,7.46,7.46,7.36,7.38
12/9/2013,7.4,7.46,7.4,7.45
13/9/2013,7.46,7.5,7.41,7.48
16/9/2013,7.48,7.54,7.48,7.53
17/9/2013,7.53,7.56,7.5,7.55
18/9/2013,7.58,7.59,7.5,7.55
19/9/2013,7.62,7.62,7.58,7.61
20/9/2013,7.62,7.63,7.58,7.63
23/9/2013,7.6,7.62,7.56,7.61
24/9/2013,7.61,7.63,7.52,7.54
25/9/2013,7.43,7.43,7.31,7.32
26/9/2013,7.34,7.36,7.31,7.35
27/9/2013,7.37,7.39,7.32,7.33
30/9/2013,7.24,7.31,7.22,7.26
1/10/2013,7.26,7.33,7.25,7.3
2/10/2013,7.27,7.29,7.2,7.21
3/10/2013,7.2,7.28,7.2,7.23
4/10/2013,7.22,7.3,7.22,7.24
7/10/2013,7.24,7.27,7.21,7.22
8/10/2013,7.2,7.24,7.15,7.19
9/10/2013,7.16,7.22,7.16,7.18
10/10/2013,7.2,7.27,7.19,7.26
11/10/2013,7.37,7.37,7.28,7.28
14/10/2013,7.28,7.28,7.2,7.24
16/10/2013,7.24,7.28,7.2,7.22
17/10/2013,7.26,7.29,7.24,7.29
18/10/2013,7.36,7.43,7.35,7.41
21/10/2013,7.44,7.48,7.42,7.46
22/10/2013,7.48,7.48,7.44,7.47
23/10/2013,7.44,7.45,7.33,7.33
24/10/2013,7.33,7.44,7.31,7.43
25/10/2013,7.43,7.45,7.41,7.41
28/10/2013,7.45,7.46,7.37,7.38
29/10/2013,7.4,7.45,7.38,7.41
30/10/2013,7.42,7.44,7.38,7.44
31/10/2013,7.4,7.44,7.34,7.34
1/11/2013,7.37,7.4,7.35,7.37
5/11/2013,7.43,7.43,7.38,7.4
6/11/2013,7.4,7.41,7.28,7.3
7/11/2013,7.3,7.31,7.22,7.27
8/11/2013,7.25,7.29,7.24,7.25
11/11/2013,7.27,7.29,7.26,7.26
12/11/2013,7.25,7.27,7.24,7.24
13/11/2013,7.27,7.28,7.22,7.23
14/11/2013,7.26,7.27,7.22,7.23
15/11/2013,7.27,7.29,7.22,7.27
18/11/2013,7.32,7.37,7.29,7.35
19/11/2013,7.35,7.35,7.28,7.29
20/11/2013,7.3,7.33,7.26,7.26
21/11/2013,7.24,7.26,7.2,7.2
22/11/2013,7.2,7.25,7.2,7.21
25/11/2013,7.25,7.25,7.21,7.22
26/11/2013,7.25,7.25,7.21,7.23
27/11/2013,7.24,7.24,7.21,7.22
28/11/2013,7.23,7.3,7.23,7.27
29/11/2013,7.22,7.26,7.22,7.23
2/12/2013,7.24,7.25,7.22,7.22
3/12/2013,7.21,7.23,7.2,7.21
4/12/2013,7.21,7.27,7.12,7.12
5/12/2013,7.11,7.11,7.06,7.08
6/12/2013,7.06,7.09,7.03,7.05
9/12/2013,7.09,7.12,7.06,7.09
10/12/2013,7.08,7.09,7.01,7.01
11/12/2013,7,7.02,6.97,6.97
12/12/2013,6.95,6.99,6.93,6.95
13/12/2013,6.95,7.02,6.95,6.99
16/12/2013,6.98,7.02,6.96,6.96
17/12/2013,7,7.02,6.96,6.96
18/12/2013,6.96,6.98,6.95,6.95
19/12/2013,7.05,7.13,7.05,7.09
20/12/2013,7.08,7.1,7.02,7.1
23/12/2013,7.11,7.19,7.11,7.15
24/12/2013,7.19,7.24,7.16,7.23
26/12/2013,7.23,7.3,7.23,7.28
27/12/2013,7.29,7.29,7.27,7.28
30/12/2013,7.3,7.32,7.25,7.27
31/12/2013,7.22,7.29,7.22,7.26
2/1/2014,7.3,7.3,7.25,7.28
3/1/2014,7.25,7.27,7.18,7.18
6/1/2014,7.21,7.27,7.2,7.26
7/1/2014,7.25,7.27,7.2,7.2
8/1/2014,7.2,7.26,7.2,7.2
9/1/2014,7.16,7.22,7.12,7.12
10/1/2014,7.1,7.11,7.06,7.07
13/1/2014,7.09,7.12,7.06,7.06
14/1/2014,7.03,7.06,7.01,7.03
15/1/2014,7.06,7.12,7.06,7.12
16/1/2014,7.16,7.16,7.04,7.04
17/1/2014,7.04,7.08,7.01,7.08
20/1/2014,7.08,7.09,7.01,7.03
21/1/2014,7.04,7.05,7.02,7.02
22/1/2014,7.01,7.05,7,7
23/1/2014,7.02,7.04,6.98,6.98
24/1/2014,6.98,6.98,6.95,6.95
27/1/2014,6.91,7.01,6.9,7
28/1/2014,6.91,6.92,6.82,6.92
29/1/2014,6.92,6.94,6.85,6.92
30/1/2014,6.84,6.88,6.83,6.85
3/2/2014,6.84,6.86,6.8,6.8
4/2/2014,6.78,6.78,6.75,6.75
5/2/2014,6.77,6.78,6.74,6.75
6/2/2014,6.75,6.79,6.75,6.76
7/2/2014,6.78,6.83,6.76,6.79
10/2/2014,6.72,6.75,6.7,6.72
11/2/2014,6.71,6.78,6.69,6.75
12/2/2014,6.77,6.8,6.76,6.79
13/2/2014,6.78,6.8,6.75,6.78
14/2/2014,6.83,6.83,6.78,6.81
17/2/2014,6.81,6.92,6.8,6.9
18/2/2014,6.9,6.91,6.86,6.89
19/2/2014,6.95,6.98,6.91,6.92
20/2/2014,6.93,6.93,6.88,6.89
21/2/2014,6.96,6.97,6.92,6.95
24/2/2014,6.95,6.98,6.93,6.98
25/2/2014,7,7.03,6.9,6.9
26/2/2014,6.94,6.95,6.83,6.85
27/2/2014,6.88,6.95,6.88,6.94
28/2/2014,6.95,6.95,6.85,6.88
3/3/2014,6.8,6.87,6.8,6.83
4/3/2014,6.83,6.9,6.78,6.81
5/3/2014,6.83,6.85,6.75,6.75
6/3/2014,6.77,6.88,6.77,6.87
7/3/2014,6.88,6.89,6.84,6.84
10/3/2014,6.84,6.87,6.81,6.84
11/3/2014,6.85,6.92,6.85,6.85
12/3/2014,6.81,6.84,6.75,6.75
13/3/2014,6.76,6.79,6.75,6.76
14/3/2014,6.76,6.77,6.72,6.73
17/3/2014,6.71,6.74,6.71,6.73
18/3/2014,6.75,6.76,6.71,6.71
19/3/2014,6.7,6.73,6.7,6.71
20/3/2014,6.69,6.71,6.66,6.68
21/3/2014,6.68,6.75,6.68,6.71
24/3/2014,6.75,6.89,6.75,6.85
25/3/2014,6.84,6.86,6.82,6.82
26/3/2014,6.87,6.97,6.85,6.94
27/3/2014,6.93,6.95,6.89,6.9
28/3/2014,6.91,6.98,6.9,6.94
31/3/2014,6.98,6.98,6.91,6.94
1/4/2014,6.99,7,6.94,6.94
2/4/2014,6.98,6.99,6.92,6.92
3/4/2014,6.98,7.04,6.94,7.04
4/4/2014,7.05,7.08,7.01,7.03
7/4/2014,6.97,7.02,6.96,6.97
8/4/2014,6.97,7,6.94,6.99
9/4/2014,6.99,7.02,6.96,6.96
10/4/2014,6.96,6.99,6.92,6.92
11/4/2014,6.9,6.94,6.88,6.91
14/4/2014,6.94,7.03,6.93,7
15/4/2014,7.01,7.01,6.92,6.92
16/4/2014,6.96,6.98,6.92,6.93
17/4/2014,6.96,6.98,6.96,6.97
21/4/2014,6.99,7,6.97,6.98
22/4/2014,7,7,6.96,6.98
23/4/2014,7,7,6.92,6.94
24/4/2014,6.95,6.98,6.94,6.96
25/4/2014,6.95,6.97,6.94,6.95
28/4/2014,6.95,7,6.87,6.87
29/4/2014,6.87,6.89,6.84,6.87
30/4/2014,6.95,6.98,6.92,6.92
2/5/2014,6.98,7,6.94,7
5/5/2014,7,7,6.96,6.96
6/5/2014,6.96,6.99,6.96,6.97
7/5/2014,6.97,6.97,6.9,6.91
8/5/2014,6.98,6.99,6.95,6.98
9/5/2014,6.99,6.99,6.96,6.98
12/5/2014,6.99,7,6.93,6.96
14/5/2014,6.99,7.02,6.97,7
15/5/2014,6.98,7.01,6.92,6.94
16/5/2014,6.92,6.94,6.91,6.92
19/5/2014,6.93,6.95,6.91,6.91
20/5/2014,6.9,6.94,6.89,6.93
21/5/2014,6.92,6.95,6.9,6.95
22/5/2014,6.95,6.97,6.92,6.92
23/5/2014,6.92,6.96,6.92,6.93
26/5/2014,6.93,6.98,6.93,6.96
27/5/2014,6.93,6.96,6.91,6.92
28/5/2014,6.94,6.98,6.9,6.9
29/5/2014,6.91,6.96,6.89,6.89
30/5/2014,6.86,6.95,6.86,6.89
2/6/2014,6.92,6.99,6.91,6.96
3/6/2014,6.96,6.98,6.93,6.96
4/6/2014,6.97,6.99,6.96,6.97
5/6/2014,6.97,6.98,6.95,6.95
6/6/2014,6.96,6.99,6.96,6.97
9/6/2014,7,7,6.98,7
10/6/2014,7.02,7.02,6.97,7
11/6/2014,7,7,6.95,7
12/6/2014,6.99,7,6.96,6.99
13/6/2014,6.96,7,6.96,6.99
16/6/2014,6.98,6.98,6.96,6.97
17/6/2014,6.98,6.99,6.92,6.98
18/6/2014,6.98,6.98,6.95,6.96
19/6/2014,6.98,6.98,6.93,6.95
20/6/2014,6.93,6.95,6.9,6.9
23/6/2014,6.91,6.93,6.9,6.92
24/6/2014,6.91,6.96,6.91,6.93
25/6/2014,6.94,6.95,6.9,6.91
26/6/2014,6.91,6.94,6.91,6.92
27/6/2014,6.92,6.95,6.91,6.93
30/6/2014,6.93,6.95,6.9,6.95
1/7/2014,6.93,6.95,6.91,6.92
2/7/2014,6.92,6.97,6.91,6.95
3/7/2014,6.94,6.98,6.94,6.96
4/7/2014,6.98,6.99,6.93,6.94
7/7/2014,6.96,6.97,6.93,6.96
8/7/2014,6.96,6.99,6.94,6.95
9/7/2014,6.92,6.98,6.92,6.94
10/7/2014,6.94,6.95,6.92,6.92
11/7/2014,6.92,6.95,6.92,6.94
14/7/2014,6.95,6.98,6.92,6.92
15/7/2014,6.93,6.96,6.93,6.94
16/7/2014,6.94,6.95,6.92,6.95
17/7/2014,6.96,6.97,6.93,6.97
18/7/2014,6.95,6.96,6.92,6.95
21/7/2014,6.96,6.98,6.95,6.97
22/7/2014,6.96,6.97,6.94,6.94
23/7/2014,6.96,6.98,6.94,6.97
24/7/2014,6.99,7.09,6.97,7.09
25/7/2014,7.11,7.12,7.08,7.11
29/7/2014,7.11,7.15,7.11,7.14
30/7/2014,7.14,7.18,7.06,7.07
31/7/2014,7.06,7.14,7.05,7.06
1/8/2014,7.03,7.19,7.03,7.17
4/8/2014,7.16,7.17,7.12,7.14
5/8/2014,7.17,7.18,7.05,7.09
6/8/2014,7.07,7.15,7.07,7.1
7/8/2014,7.1,7.14,7.09,7.11
8/8/2014,7.11,7.12,7.01,7.04
11/8/2014,7.08,7.12,7.06,7.11
12/8/2014,7.11,7.14,7.11,7.13
13/8/2014,7.14,7.18,7.13,7.18
14/8/2014,7.19,7.19,7.14,7.18
15/8/2014,7.16,7.22,7.16,7.21
18/8/2014,7.16,7.24,7.16,7.24
19/8/2014,7.24,7.25,7.2,7.23
20/8/2014,7.25,7.28,7.23,7.27
21/8/2014,7.26,7.3,7.23,7.3
22/8/2014,7.3,7.3,7.28,7.28
25/8/2014,7.3,7.38,7.29,7.34
26/8/2014,7.35,7.38,7.32,7.33
27/8/2014,7.36,7.37,7.33,7.34
28/8/2014,7.36,7.37,7.3,7.3
29/8/2014,7.34,7.34,7.27,7.28
1/9/2014,7.28,7.29,7.23,7.25
2/9/2014,7.21,7.25,7.21,7.23
3/9/2014,7.25,7.3,7.23,7.3
4/9/2014,7.3,7.3,7.25,7.29
5/9/2014,7.28,7.28,7.22,7.24
8/9/2014,7.25,7.26,7.22,7.24
9/9/2014,7.23,7.3,7.23,7.29
10/9/2014,7.25,7.27,7.22,7.26
11/9/2014,7.26,7.29,7.24,7.26
12/9/2014,7.26,7.3,7.25,7.3
15/9/2014,7.23,7.27,7.22,7.23
16/9/2014,7.22,7.23,7.13,7.15
17/9/2014,7.18,7.24,7.17,7.22
18/9/2014,7.24,7.24,7.2,7.21
19/9/2014,7.19,7.24,7.19,7.21
22/9/2014,7.21,7.24,7.2,7.2
23/9/2014,7.2,7.25,7.2,7.22
24/9/2014,7.22,7.27,7.2,7.26
25/9/2014,7.27,7.29,7.25,7.26
26/9/2014,7.23,7.27,7.22,7.25
29/9/2014,7.25,7.28,7.24,7.27
30/9/2014,7.23,7.25,7.22,7.23
1/10/2014,7.11,7.11,7.03,7.03
2/10/2014,7.02,7.06,6.95,6.95
3/10/2014,6.95,7.06,6.94,7.05
7/10/2014,7.05,7.06,6.95,6.96
8/10/2014,6.96,7.01,6.96,6.99
9/10/2014,7,7.04,6.97,7.02
10/10/2014,6.95,6.97,6.91,6.91
13/10/2014,6.9,6.9,6.85,6.87
14/10/2014,6.85,6.88,6.84,6.85
15/10/2014,6.9,6.92,6.85,6.89
16/10/2014,6.82,6.85,6.8,6.81
17/10/2014,6.81,6.84,6.8,6.82
20/10/2014,6.84,6.85,6.8,6.8
21/10/2014,6.81,6.87,6.81,6.86
22/10/2014,6.86,6.86,6.86,6.86
24/10/2014,7.03,7.03,6.98,6.98
27/10/2014,7.04,7.04,6.97,7
28/10/2014,6.99,6.99,6.93,6.94
29/10/2014,6.95,6.98,6.9,6.91
30/10/2014,6.91,6.98,6.91,6.97
31/10/2014,6.95,7.04,6.94,7
3/11/2014,7.02,7.05,7.01,7.03
4/11/2014,7.02,7.04,6.99,7.04
5/11/2014,7.03,7.07,7.02,7.06
6/11/2014,7.05,7.12,7.05,7.08
7/11/2014,7.1,7.1,6.98,7
10/11/2014,7,7.12,7,7.1
11/11/2014,7.09,7.1,7.01,7.02
12/11/2014,7,7.15,7,7.14
13/11/2014,7.13,7.2,7.12,7.2
14/11/2014,7.19,7.35,7.18,7.34
17/11/2014,7.3,7.32,7.26,7.28
18/11/2014,7.29,7.35,7.22,7.26
19/11/2014,7.26,7.32,7.26,7.29
20/11/2014,7.31,7.34,7.27,7.28
21/11/2014,7.28,7.34,7.28,7.34
24/11/2014,7.32,7.34,7.3,7.34
25/11/2014,7.34,7.34,7.22,7.23
26/11/2014,7.25,7.32,7.23,7.32
27/11/2014,7.33,7.35,7.25,7.32
28/11/2014,7.34,7.34,7.32,7.32
1/12/2014,7.32,7.35,7.23,7.25
2/12/2014,7.27,7.3,7.25,7.27
3/12/2014,7.3,7.31,7.23,7.23
4/12/2014,7.27,7.3,7.23,7.29
5/12/2014,7.29,7.37,7.25,7.37
8/12/2014,7.29,7.37,7.29,7.35
9/12/2014,7.37,7.65,7.37,7.6
10/12/2014,7.6,7.6,7.51,7.6
11/12/2014,7.6,7.61,7.57,7.59
12/12/2014,7.6,7.71,7.58,7.7
15/12/2014,7.68,7.68,7.53,7.58
16/12/2014,7.58,7.6,7.32,7.39
17/12/2014,7.43,7.55,7.39,7.54
18/12/2014,7.52,7.63,7.45,7.57
19/12/2014,7.57,7.76,7.57,7.73
22/12/2014,7.76,7.85,7.75,7.82
23/12/2014,7.84,7.85,7.76,7.79
24/12/2014,7.81,7.82,7.78,7.82
26/12/2014,7.82,7.83,7.78,7.83
29/12/2014,7.83,7.86,7.82,7.83
30/12/2014,7.84,7.84,7.8,7.83
31/12/2014,7.86,7.87,7.81,7.81
2/1/2015,7.8,7.83,7.72,7.74
5/1/2015,7.72,7.72,7.63,7.7
6/1/2015,7.7,7.7,7.52,7.62
7/1/2015,7.6,7.75,7.57,7.71
8/1/2015,7.69,7.82,7.62,7.82
9/1/2015,7.84,7.87,7.76,7.78
12/1/2015,7.8,7.95,7.8,7.93
13/1/2015,7.92,8.02,7.89,7.97
14/1/2015,7.97,7.99,7.82,7.83
15/1/2015,7.87,7.97,7.86,7.97
16/1/2015,7.97,7.98,7.69,7.77
19/1/2015,7.88,7.88,7.67,7.67
20/1/2015,7.69,7.82,7.67,7.78
21/1/2015,7.78,7.9,7.75,7.9
22/1/2015,7.9,7.95,7.72,7.94
23/1/2015,7.99,8.05,7.95,7.96
26/1/2015,7.95,7.96,7.84,7.84
27/1/2015,7.81,7.85,7.74,7.78
28/1/2015,7.75,7.85,7.75,7.85
29/1/2015,7.84,7.88,7.82,7.84
30/1/2015,7.91,7.91,7.77,7.77
2/2/2015,7.78,7.9,7.78,7.89
3/2/2015,7.89,7.9,7.78,7.82
4/2/2015,7.89,7.98,7.88,7.96
5/2/2015,7.94,7.97,7.89,7.95
6/2/2015,8,8.15,7.98,8.14
9/2/2015,8.14,8.18,8.08,8.11
10/2/2015,8.12,8.14,8.08,8.14
11/2/2015,8.16,8.2,8.15,8.2
12/2/2015,8.2,8.2,8.03,8.16
13/2/2015,8.09,8.17,8.09,8.14
16/2/2015,8.11,8.2,8.08,8.2
17/2/2015,8.18,8.23,8.18,8.22
18/2/2015,8.22,8.26,8.17,8.25
23/2/2015,8.3,8.34,8.28,8.31
24/2/2015,8.24,8.3,8.2,8.22
25/2/2015,8.27,8.3,8.19,8.2
26/2/2015,8.2,8.26,8.14,8.23
27/2/2015,8.18,8.22,8.16,8.18
2/3/2015,8.22,8.22,8.13,8.15
3/3/2015,8.18,8.2,8.14,8.14
4/3/2015,8.17,8.2,8.04,8.04
5/3/2015,8.07,8.12,8.01,8.01
6/3/2015,8.05,8.09,8.01,8.01
9/3/2015,7.91,7.99,7.8,7.82
10/3/2015,7.87,7.94,7.8,7.8
11/3/2015,7.8,7.84,7.75,7.79
12/3/2015,7.85,7.85,7.74,7.75
13/3/2015,7.74,7.78,7.66,7.66
16/3/2015,7.66,7.76,7.6,7.6
17/3/2015,7.66,7.68,7.55,7.56
18/3/2015,7.64,7.75,7.6,7.67
19/3/2015,7.8,7.8,7.68,7.72
20/3/2015,7.72,7.86,7.65,7.85
23/3/2015,7.83,7.98,7.82,7.91
24/3/2015,7.96,8.07,7.96,8.06
25/3/2015,8.05,8.08,8.01,8.07
26/3/2015,8.05,8.1,8.03,8.06
27/3/2015,8.08,8.1,8.01,8.06
30/3/2015,8.02,8.09,8.02,8.08
31/3/2015,8.12,8.14,8.09,8.14
1/4/2015,8.11,8.15,8.06,8.14
2/4/2015,8.1,8.17,8.09,8.1
6/4/2015,8.1,8.14,8.07,8.08
7/4/2015,8.12,8.12,8.01,8.02
8/4/2015,8.02,8.03,7.87,7.91
9/4/2015,7.99,8,7.9,7.99
10/4/2015,8,8.28,8,8.21
13/4/2015,8.23,8.47,8.22,8.4
14/4/2015,8.43,8.63,8.42,8.63
15/4/2015,8.65,8.67,8.57,8.59
16/4/2015,8.55,8.55,8.36,8.45
17/4/2015,8.42,8.42,8.22,8.26
20/4/2015,8.28,8.37,8.27,8.31
21/4/2015,8.33,8.35,8.23,8.3
22/4/2015,8.35,8.53,8.35,8.52
23/4/2015,8.52,8.53,8.41,8.51
24/4/2015,8.49,8.53,8.4,8.46
27/4/2015,8.49,8.58,8.47,8.52
28/4/2015,8.48,8.55,8.48,8.53
29/4/2015,8.53,8.53,8.33,8.47
30/4/2015,8.5,8.53,8.48,8.52
4/5/2015,8.49,8.5,8.36,8.4
5/5/2015,8.44,8.46,8.4,8.45
6/5/2015,8.36,8.52,8.36,8.37
7/5/2015,8.37,8.5,8.36,8.48
8/5/2015,8.49,8.56,8.46,8.55
11/5/2015,8.6,8.65,8.6,8.63
12/5/2015,8.65,8.71,8.63,8.66
13/5/2015,8.69,8.72,8.67,8.69
14/5/2015,8.7,8.72,8.69,8.71
15/5/2015,8.72,8.75,8.7,8.74
18/5/2015,8.75,8.8,8.74,8.78
19/5/2015,8.78,8.79,8.68,8.68
20/5/2015,8.68,8.77,8.68,8.71
21/5/2015,8.7,8.76,8.62,8.63
22/5/2015,8.69,8.71,8.65,8.65
25/5/2015,8.67,8.71,8.65,8.69
26/5/2015,8.72,8.73,8.69,8.7
27/5/2015,8.69,8.72,8.63,8.72
28/5/2015,8.69,8.72,8.65,8.69
29/5/2015,8.6,8.62,8.38,8.43
2/6/2015,8.3,8.3,8.15,8.16
3/6/2015,8.19,8.25,8.15,8.23
4/6/2015,8.16,8.22,8.06,8.11
5/6/2015,8.1,8.13,8.06,8.12
8/6/2015,8.05,8.05,7.9,7.93
9/6/2015,7.92,8.04,7.9,7.9
10/6/2015,7.85,7.99,7.82,7.9
11/6/2015,7.94,8.07,7.93,8.02
12/6/2015,7.97,8.05,7.95,7.99
15/6/2015,7.97,8.01,7.9,7.93
16/6/2015,7.9,7.93,7.78,7.83
17/6/2015,7.85,8,7.85,7.97
18/6/2015,8,8,7.88,7.88
19/6/2015,7.9,7.92,7.82,7.83
22/6/2015,7.87,7.88,7.81,7.82
23/6/2015,7.85,7.85,7.72,7.78
24/6/2015,7.83,7.86,7.8,7.84
25/6/2015,7.82,7.96,7.79,7.94
26/6/2015,7.93,8.01,7.87,7.88
29/6/2015,7.77,7.86,7.71,7.78
30/6/2015,7.78,7.87,7.77,7.83
1/7/2015,7.95,8.27,7.93,8.18
2/7/2015,8.2,8.22,8.07,8.08
3/7/2015,8.04,8.1,7.98,8
6/7/2015,7.96,7.98,7.87,7.97
7/7/2015,8.07,8.17,8.05,8.16
8/7/2015,8.22,8.23,7.96,8.05
9/7/2015,7.9,8.03,7.83,7.98
10/7/2015,8.02,8.15,8.01,8.13
13/7/2015,8.15,8.31,8.09,8.28
14/7/2015,8.28,8.31,8.16,8.22
15/7/2015,8.23,8.28,8.18,8.18
16/7/2015,8.23,8.35,8.22,8.35
20/7/2015,8.46,8.53,8.41,8.51
21/7/2015,8.54,8.54,8.45,8.48
22/7/2015,8.49,8.55,8.45,8.54
23/7/2015,8.49,8.54,8.4,8.42
24/7/2015,8.47,8.53,8.42,8.53
27/7/2015,8.52,8.52,8.19,8.21
28/7/2015,8.22,8.28,8.02,8.07
29/7/2015,8.15,8.26,8.12,8.23
30/7/2015,8.15,8.15,8.02,8.03
31/7/2015,8.02,8.05,7.95,7.97
3/8/2015,7.95,8.07,7.88,7.9
4/8/2015,7.89,7.9,7.78,7.78
5/8/2015,7.75,7.76,7.69,7.7
6/8/2015,7.74,7.78,7.68,7.72
7/8/2015,7.72,7.72,7.72,7.72
11/8/2015,7.78,7.78,7.55,7.56
12/8/2015,7.53,7.58,7.42,7.43
13/8/2015,7.51,7.61,7.46,7.57
14/8/2015,7.53,7.6,7.52,7.57
17/8/2015,7.57,7.67,7.57,7.62
18/8/2015,7.61,7.63,7.46,7.46
19/8/2015,7.47,7.51,7.42,7.42
20/8/2015,7.42,7.47,7.37,7.43
21/8/2015,7.38,7.49,7.28,7.45
24/8/2015,7.32,7.34,7.11,7.11
25/8/2015,7.1,7.4,7.09,7.27
26/8/2015,7.26,7.4,7.17,7.27
27/8/2015,7.33,7.43,7.33,7.38
28/8/2015,7.43,7.48,7.35,7.38
31/8/2015,7.49,7.49,7.26,7.26
1/9/2015,7.22,7.34,7.19,7.2
2/9/2015,7.23,7.29,7.2,7.23
3/9/2015,7.28,7.29,7.24,7.27
4/9/2015,7.23,7.27,7.19,7.2
7/9/2015,7.17,7.24,7.16,7.2
8/9/2015,7.24,7.46,7.15,7.41
9/9/2015,7.47,7.57,7.42,7.57
10/9/2015,7.5,7.5,7.45,7.47
14/9/2015,7.51,7.67,7.47,7.59
15/9/2015,7.55,7.57,7.41,7.45
16/9/2015,7.52,7.65,7.47,7.58
17/9/2015,7.58,7.75,7.53,7.64
18/9/2015,7.74,7.75,7.66,7.72
21/9/2015,7.6,7.65,7.47,7.55
22/9/2015,7.57,7.59,7.41,7.41
23/9/2015,7.39,7.42,7.25,7.27
25/9/2015,7.21,7.31,7.16,7.26
28/9/2015,7.26,7.28,7.18,7.19
29/9/2015,7.16,7.2,7.1,7.19
30/9/2015,7.03,7.13,7.02,7.03
1/10/2015,7.08,7.2,7.07,7.15
2/10/2015,7.07,7.17,7.03,7.16
5/10/2015,7.21,7.32,7.2,7.32
6/10/2015,7.34,7.39,7.3,7.37
7/10/2015,7.42,7.57,7.36,7.56
8/10/2015,7.6,7.61,7.5,7.53
9/10/2015,7.53,7.6,7.5,7.56
12/10/2015,7.57,7.59,7.53,7.57
13/10/2015,7.45,7.48,7.31,7.34
14/10/2015,7.3,7.49,7.3,7.48
15/10/2015,7.49,7.53,7.38,7.53
16/10/2015,7.55,7.59,7.52,7.54
19/10/2015,7.49,7.57,7.48,7.52
20/10/2015,7.5,7.56,7.48,7.53
21/10/2015,7.54,7.54,7.49,7.51
22/10/2015,7.57,7.58,7.5,7.55
23/10/2015,7.61,7.68,7.58,7.66
26/10/2015,7.69,7.73,7.68,7.71
27/10/2015,7.67,7.67,7.53,7.57
28/10/2015,7.62,7.62,7.56,7.58
29/10/2015,7.63,7.67,7.4,7.43
30/10/2015,7.38,7.47,7.37,7.38
2/11/2015,7.36,7.38,7.25,7.29
3/11/2015,7.42,7.45,7.32,7.38
4/11/2015,7.38,7.54,7.37,7.53
5/11/2015,7.5,7.63,7.49,7.61
6/11/2015,7.58,7.65,7.54,7.62
9/11/2015,7.58,7.69,7.57,7.64
11/11/2015,7.69,7.75,7.66,7.73
12/11/2015,7.68,7.72,7.6,7.62
13/11/2015,7.6,7.65,7.54,7.55
16/11/2015,7.5,7.59,7.47,7.58
17/11/2015,7.6,7.64,7.55,7.61
18/11/2015,7.52,7.61,7.52,7.57
19/11/2015,7.63,7.7,7.6,7.68
20/11/2015,7.69,7.69,7.6,7.68
23/11/2015,7.7,7.7,7.57,7.58
24/11/2015,7.58,7.7,7.56,7.68
25/11/2015,7.62,7.67,7.59,7.62
26/11/2015,7.62,7.65,7.57,7.61
27/11/2015,7.54,7.58,7.43,7.51
30/11/2015,7.6,7.64,7.54,7.54
1/12/2015,7.6,7.65,7.48,7.61
2/12/2015,7.67,7.69,7.53,7.59
3/12/2015,7.53,7.65,7.53,7.62
4/12/2015,7.56,7.67,7.56,7.67
7/12/2015,7.69,7.7,7.65,7.65
8/12/2015,7.63,7.64,7.47,7.54
9/12/2015,7.49,7.51,7.45,7.45
10/12/2015,7.49,7.49,7.38,7.4
11/12/2015,7.42,7.51,7.41,7.47
14/12/2015,7.5,7.56,7.36,7.53
15/12/2015,7.53,7.6,7.51,7.57
16/12/2015,7.58,7.6,7.54,7.56
17/12/2015,7.59,7.68,7.55,7.67
18/12/2015,7.6,7.65,7.56,7.65
21/12/2015,7.53,7.69,7.53,7.69
22/12/2015,7.7,7.7,7.62,7.64
23/12/2015,7.68,7.7,7.61,7.61
24/12/2015,7.65,7.69,7.62,7.62
28/12/2015,7.65,7.69,7.64,7.66
29/12/2015,7.66,7.69,7.63,7.69
30/12/2015,7.7,7.73,7.64,7.68
31/12/2015,7.72,7.72,7.67,7.7
4/1/2016,7.7,7.7,7.47,7.5
5/1/2016,7.52,7.55,7.36,7.42
6/1/2016,7.45,7.49,7.38,7.44
7/1/2016,7.46,7.48,7.21,7.26
8/1/2016,7.22,7.44,7.22,7.41
11/1/2016,7.36,7.38,7.21,7.23
12/1/2016,7.24,7.29,7.13,7.13
13/1/2016,7.2,7.25,6.98,7.09
14/1/2016,6.92,7,6.88,6.9
15/1/2016,6.92,6.95,6.8,6.85
18/1/2016,6.75,6.82,6.63,6.7
19/1/2016,6.7,6.89,6.61,6.89
20/1/2016,6.79,6.81,6.64,6.65
21/1/2016,6.68,6.81,6.62,6.73
22/1/2016,6.8,6.89,6.75,6.82
25/1/2016,6.9,7.09,6.88,6.91
26/1/2016,6.86,6.93,6.79,6.84
27/1/2016,6.99,7.07,6.88,6.9
28/1/2016,6.89,6.95,6.88,6.91
29/1/2016,6.98,7.08,6.88,7.08
1/2/2016,7.1,7.11,6.93,6.95
2/2/2016,6.9,6.99,6.9,6.93
3/2/2016,6.87,6.91,6.75,6.84
4/2/2016,6.89,6.92,6.81,6.82
5/2/2016,6.88,7.09,6.88,7.05
10/2/2016,6.84,6.85,6.77,6.82
11/2/2016,6.78,6.82,6.75,6.76
12/2/2016,6.75,6.92,6.75,6.86
15/2/2016,7.04,7.04,6.93,7.02
16/2/2016,7,7.2,6.98,7.18
17/2/2016,7.18,7.2,7.07,7.1
18/2/2016,7.19,7.3,7.12,7.22
19/2/2016,7.31,7.31,7.26,7.3
22/2/2016,7.29,7.32,7.22,7.23
23/2/2016,7.28,7.31,7.24,7.26
24/2/2016,7.24,7.26,7.08,7.12
25/2/2016,7.15,7.21,6.94,7.01
26/2/2016,7.09,7.18,7.05,7.14
29/2/2016,7.21,7.26,7.14,7.26
1/3/2016,7.26,7.3,7.21,7.28
2/3/2016,7.34,7.38,7.33,7.38
3/3/2016,7.37,7.59,7.36,7.54
4/3/2016,7.6,7.7,7.57,7.64
7/3/2016,7.66,7.68,7.45,7.62
8/3/2016,7.61,7.65,7.53,7.57
9/3/2016,7.62,7.63,7.52,7.63
10/3/2016,7.69,7.69,7.6,7.64
11/3/2016,7.62,7.71,7.57,7.68
14/3/2016,7.74,7.81,7.72,7.72
15/3/2016,7.77,7.78,7.69,7.74
16/3/2016,7.75,7.79,7.72,7.77
17/3/2016,7.84,7.87,7.78,7.86
18/3/2016,7.9,7.93,7.87,7.89
21/3/2016,7.9,7.91,7.69,7.77
22/3/2016,7.78,7.83,7.67,7.67
23/3/2016,7.75,7.85,7.69,7.81
24/3/2016,7.84,7.84,7.67,7.71
28/3/2016,7.74,7.79,7.61,7.62
29/3/2016,7.65,7.72,7.61,7.72
30/3/2016,7.83,7.9,7.79,7.9
31/3/2016,7.8,7.97,7.8,7.95
1/4/2016,7.84,7.88,7.75,7.77
4/4/2016,7.79,7.92,7.78,7.9
5/4/2016,7.8,7.85,7.73,7.78
6/4/2016,7.73,7.75,7.54,7.64
7/4/2016,7.65,7.68,7.59,7.64
8/4/2016,7.53,7.67,7.52,7.65
11/4/2016,7.63,7.7,7.61,7.69
12/4/2016,7.7,7.73,7.65,7.73
13/4/2016,7.8,7.88,7.77,7.88
14/4/2016,7.91,7.98,7.91,7.93
15/4/2016,7.94,7.95,7.91,7.93
18/4/2016,7.89,7.99,7.86,7.99
19/4/2016,8,8.05,7.99,8.02
20/4/2016,8.03,8.05,8.02,8.05
21/4/2016,8.03,8.03,7.76,7.8
22/4/2016,7.77,7.79,7.7,7.76
25/4/2016,7.76,7.8,7.68,7.73
26/4/2016,7.68,7.74,7.67,7.7
27/4/2016,7.69,7.7,7.66,7.67
28/4/2016,7.7,7.73,7.6,7.6
29/4/2016,7.57,7.59,7.52,7.53
3/5/2016,7.55,7.63,7.47,7.47
4/5/2016,7.45,7.49,7.4,7.43
5/5/2016,7.38,7.5,7.35,7.47
6/5/2016,7.4,7.45,7.35,7.35
9/5/2016,7.4,7.49,7.34,7.49
10/5/2016,7.44,7.55,7.42,7.44
11/5/2016,7.5,7.52,7.35,7.46
12/5/2016,7.46,7.52,7.45,7.49
13/5/2016,7.5,7.5,7.39,7.44
16/5/2016,7.39,7.48,7.37,7.47
17/5/2016,7.48,7.64,7.43,7.6
18/5/2016,7.52,7.63,7.48,7.54
19/5/2016,7.48,7.5,7.4,7.42
20/5/2016,7.45,7.53,7.4,7.49
23/5/2016,7.51,7.58,7.45,7.54
24/5/2016,7.55,7.61,7.55,7.58
25/5/2016,7.68,7.7,7.64,7.67
26/5/2016,7.7,7.73,7.55,7.58
27/5/2016,7.62,7.68,7.57,7.64
30/5/2016,7.63,7.66,7.57,7.59
31/5/2016,7.75,7.75,7.63,7.75
1/6/2016,7.73,7.74,7.58,7.64
2/6/2016,7.69,7.69,7.59,7.64
3/6/2016,7.65,7.69,7.62,7.67
6/6/2016,7.7,7.7,7.63,7.69
7/6/2016,7.72,7.72,7.63,7.7
8/6/2016,7.66,7.73,7.64,7.7
9/6/2016,7.71,7.75,7.68,7.7
10/6/2016,7.7,7.7,7.55,7.6
13/6/2016,7.5,7.57,7.42,7.57
14/6/2016,7.48,7.57,7.46,7.53
15/6/2016,7.5,7.55,7.46,7.5
16/6/2016,7.5,7.51,7.42,7.42
17/6/2016,7.5,7.5,7.4,7.43
20/6/2016,7.53,7.56,7.51,7.55
21/6/2016,7.56,7.56,7.45,7.48
22/6/2016,7.5,7.51,7.42,7.42
23/6/2016,7.47,7.48,7.43,7.43
24/6/2016,7.47,7.47,7.25,7.3
27/6/2016,7.29,7.43,7.27,7.35
28/6/2016,7.27,7.44,7.26,7.41
29/6/2016,7.41,7.5,7.41,7.45
30/6/2016,7.75,7.75,7.55,7.62
1/7/2016,7.65,7.68,7.59,7.64
4/7/2016,7.67,7.74,7.61,7.69
5/7/2016,7.71,7.74,7.68,7.72
7/7/2016,7.71,7.74,7.68,7.69
8/7/2016,7.69,7.71,7.51,7.58
11/7/2016,7.7,7.72,7.67,7.7
12/7/2016,7.72,7.78,7.66,7.76
13/7/2016,7.8,7.82,7.73,7.79
14/7/2016,7.8,7.81,7.73,7.79
15/7/2016,7.76,7.82,7.7,7.74
18/7/2016,7.76,7.84,7.72,7.8
19/7/2016,7.82,7.83,7.71,7.78
20/7/2016,7.79,7.82,7.75,7.78
21/7/2016,7.81,7.84,7.8,7.82
22/7/2016,7.8,7.8,7.73,7.78
25/7/2016,7.78,7.82,7.74,7.77
26/7/2016,7.76,7.76,7.68,7.7
27/7/2016,7.7,7.76,7.68,7.74
28/7/2016,7.67,7.69,7.61,7.66
29/7/2016,7.58,7.6,7.52,7.53
1/8/2016,7.53,7.73,7.53,7.59
2/8/2016,7.63,7.65,7.51,7.53
3/8/2016,7.5,7.55,7.45,7.46
4/8/2016,7.52,7.58,7.51,7.55
5/8/2016,7.6,7.61,7.56,7.57
8/8/2016,7.62,7.65,7.61,7.64
10/8/2016,7.67,7.7,7.6,7.61
11/8/2016,7.58,7.6,7.55,7.58
12/8/2016,7.63,7.66,7.53,7.57
15/8/2016,7.57,7.6,7.54,7.58
16/8/2016,7.61,7.65,7.57,7.57
17/8/2016,7.6,7.64,7.58,7.63
18/8/2016,7.58,7.7,7.58,7.67
19/8/2016,7.64,7.68,7.61,7.63
22/8/2016,7.63,7.67,7.6,7.66
23/8/2016,7.67,7.68,7.62,7.67
24/8/2016,7.63,7.7,7.63,7.7
25/8/2016,7.7,7.74,7.69,7.72
26/8/2016,7.74,7.75,7.63,7.65
29/8/2016,7.6,7.63,7.56,7.56
30/8/2016,7.64,7.64,7.58,7.61
31/8/2016,7.57,7.58,7.55,7.56
1/9/2016,7.54,7.62,7.52,7.54
2/9/2016,7.54,7.58,7.53,7.54
5/9/2016,7.58,7.64,7.56,7.64
6/9/2016,7.64,7.74,7.62,7.71
7/9/2016,7.67,7.71,7.6,7.64
8/9/2016,7.61,7.63,7.57,7.6
9/9/2016,7.58,7.6,7.56,7.56
13/9/2016,7.52,7.55,7.5,7.5
14/9/2016,7.53,7.53,7.47,7.48
15/9/2016,7.47,7.49,7.43,7.45
16/9/2016,7.53,7.57,7.46,7.49
19/9/2016,7.5,7.55,7.47,7.52
20/9/2016,7.52,7.54,7.49,7.53
21/9/2016,7.52,7.55,7.5,7.53
22/9/2016,7.58,7.58,7.5,7.52
23/9/2016,7.52,7.52,7.47,7.48
26/9/2016,7.48,7.51,7.46,7.47
27/9/2016,7.48,7.52,7.45,7.47
28/9/2016,7.39,7.42,7.38,7.39
29/9/2016,7.41,7.45,7.38,7.44
30/9/2016,7.38,7.42,7.36,7.41
3/10/2016,7.44,7.45,7.41,7.42
4/10/2016,7.44,7.46,7.4,7.42
5/10/2016,7.44,7.49,7.43,7.48
6/10/2016,7.5,7.5,7.46,7.46
7/10/2016,7.46,7.47,7.4,7.42
10/10/2016,7.41,7.44,7.4,7.42
11/10/2016,7.43,7.46,7.38,7.39
12/10/2016,7.37,7.38,7.27,7.27
13/10/2016,7.26,7.3,7.23,7.27
14/10/2016,7.26,7.33,7.22,7.25
17/10/2016,7.23,7.23,7.16,7.21
18/10/2016,7.2,7.28,7.2,7.23
19/10/2016,7.24,7.26,7.16,7.22
20/10/2016,7.22,7.24,7.18,7.21
21/10/2016,7.21,7.21,7.21,7.21
24/10/2016,7.24,7.31,7.21,7.29
25/10/2016,7.25,7.28,7.23,7.24
26/10/2016,7.21,7.26,7.18,7.23
27/10/2016,7.19,7.22,7.18,7.18
28/10/2016,7.19,7.21,7.13,7.16
31/10/2016,7.1,7.1,7.04,7.09
1/11/2016,7.11,7.15,7.06,7.06
2/11/2016,7.04,7.06,7.02,7.04
3/11/2016,7.02,7.04,7.01,7.04
4/11/2016,7.05,7.06,6.98,6.99
7/11/2016,7.02,7.07,7,7.05
8/11/2016,7.07,7.08,7.01,7.01
9/11/2016,7.06,7.08,6.96,7.04
10/11/2016,7.08,7.21,7.08,7.16
11/11/2016,7.15,7.17,7.02,7.03
14/11/2016,7.04,7.05,7,7.04
15/11/2016,7.02,7.07,6.99,7
16/11/2016,6.99,7.02,6.97,6.99
17/11/2016,6.99,7.03,6.97,7
18/11/2016,7,7.15,7,7.14
21/11/2016,7.14,7.19,7.14,7.15
22/11/2016,7.17,7.2,7.11,7.15
23/11/2016,7.18,7.24,7.17,7.21
24/11/2016,7.22,7.22,7.12,7.14
25/11/2016,7.15,7.19,7.12,7.12
28/11/2016,7.16,7.27,7.1,7.22
29/11/2016,7.19,7.21,7.16,7.18
30/11/2016,7.28,7.3,7.22,7.3
1/12/2016,7.28,7.35,7.26,7.34
2/12/2016,7.29,7.35,7.28,7.31
5/12/2016,7.29,7.34,7.29,7.31
6/12/2016,7.35,7.36,7.28,7.3
7/12/2016,7.32,7.35,7.29,7.35
8/12/2016,7.37,7.41,7.36,7.4
9/12/2016,7.41,7.46,7.4,7.45
12/12/2016,7.45,7.47,7.37,7.45
13/12/2016,7.4,7.45,7.36,7.41
14/12/2016,7.41,7.45,7.38,7.41
15/12/2016,7.42,7.42,7.3,7.31
16/12/2016,7.29,7.33,7.29,7.32
19/12/2016,7.32,7.33,7.21,7.24
20/12/2016,7.2,7.27,7.2,7.24
21/12/2016,7.26,7.27,7.21,7.21
22/12/2016,7.18,7.19,7.1,7.13
23/12/2016,7.11,7.15,7.11,7.13
27/12/2016,7.11,7.16,7.06,7.14
28/12/2016,7.18,7.18,7.15,7.17
29/12/2016,7.13,7.17,7.12,7.15
30/12/2016,7.2,7.2,7.15,7.16
3/1/2017,7.16,7.17,7.1,7.15
4/1/2017,7.17,7.17,7.12,7.13
5/1/2017,7.15,7.26,7.14,7.21
6/1/2017,7.24,7.27,7.17,7.17
9/1/2017,7.18,7.23,7.18,7.2
10/1/2017,7.18,7.24,7.16,7.24
11/1/2017,7.21,7.25,7.19,7.22
12/1/2017,7.24,7.25,7.19,7.2
13/1/2017,7.27,7.43,7.24,7.39
16/1/2017,7.41,7.48,7.4,7.44
17/1/2017,7.46,7.48,7.44,7.46
18/1/2017,7.45,7.49,7.42,7.45
19/1/2017,7.45,7.49,7.43,7.48
20/1/2017,7.48,7.55,7.48,7.53
23/1/2017,7.55,7.58,7.54,7.57
24/1/2017,7.58,7.59,7.5,7.55
25/1/2017,7.54,7.54,7.37,7.4
26/1/2017,7.42,7.48,7.4,7.45
27/1/2017,7.48,7.48,7.4,7.46
31/1/2017,7.48,7.49,7.34,7.42
1/2/2017,7.36,7.54,7.36,7.5
2/2/2017,7.53,7.54,7.5,7.52
3/2/2017,7.52,7.55,7.5,7.55
6/2/2017,7.57,7.58,7.51,7.57
7/2/2017,7.53,7.6,7.53,7.6
8/2/2017,7.57,7.58,7.53,7.55
9/2/2017,7.53,7.57,7.5,7.52
10/2/2017,7.56,7.62,7.54,7.61
13/2/2017,7.63,7.65,7.59,7.62
14/2/2017,7.62,7.64,7.54,7.61
15/2/2017,7.62,7.62,7.57,7.59
16/2/2017,7.57,7.63,7.57,7.63
17/2/2017,7.63,7.64,7.55,7.59
20/2/2017,7.61,7.62,7.56,7.6
21/2/2017,7.58,7.59,7.52,7.54
22/2/2017,7.59,7.65,7.58,7.65
23/2/2017,7.65,7.67,7.58,7.64
24/2/2017,7.6,7.61,7.54,7.56
27/2/2017,7.53,7.55,7.5,7.53
28/2/2017,7.45,7.52,7.45,7.5
1/3/2017,7.51,7.54,7.47,7.47
2/3/2017,7.54,7.54,7.45,7.48
3/3/2017,7.46,7.48,7.43,7.47
6/3/2017,7.49,7.49,7.45,7.45
7/3/2017,7.47,7.49,7.44,7.46
8/3/2017,7.49,7.59,7.47,7.57
9/3/2017,7.56,7.57,7.44,7.44
10/3/2017,7.45,7.49,7.42,7.49
13/3/2017,7.51,7.58,7.49,7.58
14/3/2017,7.58,7.59,7.49,7.53
15/3/2017,7.54,7.56,7.5,7.54
16/3/2017,7.59,7.63,7.56,7.63
17/3/2017,7.64,7.65,7.61,7.64
20/3/2017,7.63,7.64,7.57,7.62
21/3/2017,7.62,7.65,7.58,7.59
22/3/2017,7.54,7.55,7.46,7.49
23/3/2017,7.54,7.56,7.5,7.5
24/3/2017,7.54,7.57,7.51,7.55
27/3/2017,7.55,7.57,7.5,7.56
28/3/2017,7.58,7.73,7.57,7.71
29/3/2017,7.72,7.77,7.71,7.77
30/3/2017,7.77,7.82,7.7,7.76
31/3/2017,7.76,7.77,7.68,7.7
3/4/2017,7.68,7.8,7.67,7.77
4/4/2017,7.77,7.77,7.69,7.73
5/4/2017,7.6,7.66,7.6,7.64
6/4/2017,7.64,7.69,7.58,7.65
7/4/2017,7.65,7.66,7.59,7.66
10/4/2017,7.66,7.66,7.61,7.63
11/4/2017,7.63,7.65,7.53,7.58
12/4/2017,7.56,7.58,7.53,7.58
13/4/2017,7.56,7.6,7.52,7.53
17/4/2017,7.53,7.56,7.47,7.49
18/4/2017,7.54,7.54,7.45,7.46
19/4/2017,7.45,7.48,7.42,7.48
20/4/2017,7.46,7.51,7.45,7.45
21/4/2017,7.49,7.52,7.45,7.47
24/4/2017,7.51,7.51,7.42,7.46
25/4/2017,7.47,7.53,7.45,7.52
26/4/2017,7.49,7.49,7.4,7.41
27/4/2017,7.42,7.46,7.41,7.41
28/4/2017,7.41,7.44,7.4,7.4
2/5/2017,7.46,7.46,7.4,7.41
3/5/2017,7.4,7.44,7.35,7.43
4/5/2017,7.44,7.44,7.41,7.43
5/5/2017,7.42,7.43,7.4,7.43
8/5/2017,7.45,7.45,7.41,7.43
9/5/2017,7.43,7.46,7.43,7.45
11/5/2017,7.45,7.46,7.36,7.38
12/5/2017,7.37,7.41,7.35,7.35
15/5/2017,7.39,7.39,7.28,7.32
16/5/2017,7.34,7.34,7.29,7.29
17/5/2017,7.3,7.33,7.28,7.29
18/5/2017,7.28,7.3,7.26,7.3
19/5/2017,7.27,7.31,7.22,7.22
22/5/2017,7.25,7.29,7.23,7.26
23/5/2017,7.3,7.45,7.3,7.41
24/5/2017,7.44,7.45,7.38,7.42
25/5/2017,7.45,7.47,7.42,7.45
26/5/2017,7.47,7.47,7.38,7.41
29/5/2017,7.41,7.43,7.34,7.37
30/5/2017,7.38,7.38,7.34,7.38
31/5/2017,7.36,7.41,7.27,7.27
1/6/2017,7.3,7.37,7.27,7.31
2/6/2017,7.34,7.34,7.29,7.3
5/6/2017,7.3,7.32,7.28,7.28
6/6/2017,7.27,7.3,7.27,7.29
7/6/2017,7.3,7.35,7.3,7.31
8/6/2017,7.3,7.35,7.3,7.33
9/6/2017,7.35,7.41,7.33,7.38
12/6/2017,7.39,7.4,7.33,7.34
13/6/2017,7.32,7.4,7.32,7.37
14/6/2017,7.35,7.36,7.29,7.3
15/6/2017,7.29,7.33,7.29,7.29
16/6/2017,7.29,7.32,7.28,7.29
19/6/2017,7.31,7.35,7.29,7.34
20/6/2017,7.36,7.42,7.35,7.4
21/6/2017,7.36,7.44,7.33,7.4
22/6/2017,7.43,7.43,7.35,7.4
23/6/2017,7.43,7.44,7.38,7.39
27/6/2017,7.42,7.43,7.37,7.38
28/6/2017,7.38,7.42,7.37,7.41
29/6/2017,7.44,7.48,7.39,7.46
30/6/2017,7.41,7.43,7.33,7.34
3/7/2017,7.35,7.39,7.34,7.36
4/7/2017,7.35,7.35,7.3,7.33
5/7/2017,7.3,7.38,7.3,7.38
6/7/2017,7.34,7.37,7.31,7.34
7/7/2017,7.31,7.36,7.3,7.36
10/7/2017,7.34,7.38,7.34,7.38
11/7/2017,7.38,7.4,7.3,7.34
12/7/2017,7.36,7.4,7.33,7.36
13/7/2017,7.37,7.41,7.37,7.39
14/7/2017,7.41,7.45,7.39,7.45
17/7/2017,7.47,7.48,7.4,7.46
18/7/2017,7.47,7.52,7.45,7.52
19/7/2017,7.52,7.54,7.49,7.53
20/7/2017,7.58,7.58,7.51,7.52
21/7/2017,7.53,7.56,7.5,7.51
24/7/2017,7.52,7.52,7.46,7.46
25/7/2017,7.52,7.57,7.51,7.55
26/7/2017,7.57,7.58,7.52,7.56
27/7/2017,7.58,7.58,7.52,7.54
28/7/2017,7.53,7.61,7.44,7.59
31/7/2017,7.61,7.61,7.51,7.57
1/8/2017,7.58,7.61,7.56,7.6
2/8/2017,7.62,7.62,7.58,7.6
3/8/2017,7.56,7.59,7.55,7.58
4/8/2017,7.59,7.59,7.53,7.58
7/8/2017,7.57,7.6,7.51,7.56
8/8/2017,7.55,7.56,7.51,7.54
10/8/2017,7.58,7.6,7.52,7.56
11/8/2017,7.54,7.56,7.41,7.47
14/8/2017,7.52,7.54,7.46,7.54
15/8/2017,7.54,7.58,7.52,7.57
16/8/2017,7.52,7.56,7.45,7.56
17/8/2017,7.58,7.58,7.51,7.54
18/8/2017,7.52,7.53,7.4,7.4
21/8/2017,7.44,7.47,7.42,7.47
22/8/2017,7.5,7.5,7.41,7.42
23/8/2017,7.43,7.47,7.41,7.44
24/8/2017,7.45,7.45,7.42,7.42
25/8/2017,7.45,7.45,7.39,7.41
28/8/2017,7.4,7.47,7.4,7.46
29/8/2017,7.43,7.46,7.41,7.43
30/8/2017,7.45,7.5,7.44,7.46
31/8/2017,7.53,7.53,7.44,7.5
4/9/2017,7.44,7.45,7.41,7.42
5/9/2017,7.41,7.5,7.4,7.49
6/9/2017,7.49,7.49,7.43,7.46
7/9/2017,7.5,7.5,7.45,7.46
8/9/2017,7.46,7.47,7.41,7.43
11/9/2017,7.44,7.45,7.42,7.45
12/9/2017,7.46,7.48,7.44,7.48
13/9/2017,7.48,7.48,7.44,7.45
14/9/2017,7.45,7.45,7.41,7.43
15/9/2017,7.44,7.46,7.41,7.42
18/9/2017,7.48,7.52,7.44,7.51
19/9/2017,7.51,7.51,7.44,7.46
20/9/2017,7.45,7.49,7.43,7.49
21/9/2017,7.45,7.48,7.43,7.46
22/9/2017,7.44,7.48,7.43,7.44
25/9/2017,7.47,7.47,7.43,7.45
26/9/2017,7.45,7.47,7.43,7.44
27/9/2017,7.35,7.48,7.35,7.45
28/9/2017,7.49,7.53,7.46,7.48
29/9/2017,7.46,7.47,7.38,7.39
2/10/2017,7.47,7.52,7.45,7.5
3/10/2017,7.51,7.51,7.42,7.45
4/10/2017,7.45,7.47,7.41,7.44
5/10/2017,7.5,7.5,7.46,7.49
6/10/2017,7.56,7.62,7.52,7.62
9/10/2017,7.63,7.68,7.59,7.61
10/10/2017,7.63,7.64,7.56,7.64
11/10/2017,7.65,7.67,7.6,7.62
12/10/2017,7.63,7.67,7.62,7.65
13/10/2017,7.65,7.68,7.58,7.63
16/10/2017,7.65,7.67,7.62,7.66
17/10/2017,7.64,7.67,7.62,7.63
19/10/2017,7.67,7.69,7.62,7.68
20/10/2017,7.68,7.69,7.62,7.64
23/10/2017,7.64,7.67,7.6,7.62
24/10/2017,7.63,7.63,7.56,7.58
25/10/2017,7.57,7.6,7.54,7.57
26/10/2017,7.53,7.63,7.51,7.61
27/10/2017,7.61,7.71,7.61,7.69
30/10/2017,7.7,7.78,7.68,7.71
31/10/2017,7.71,7.71,7.65,7.67
1/11/2017,7.7,7.74,7.67,7.69
2/11/2017,7.66,7.66,7.59,7.65
3/11/2017,7.69,7.74,7.65,7.69
6/11/2017,7.7,7.75,7.7,7.72
7/11/2017,7.7,7.72,7.63,7.65
8/11/2017,7.68,7.74,7.65,7.73
9/11/2017,7.74,7.75,7.7,7.73
10/11/2017,7.71,7.71,7.63,7.67
13/11/2017,7.63,7.67,7.61,7.64
14/11/2017,7.63,7.67,7.59,7.6
15/11/2017,7.6,7.62,7.52,7.54
16/11/2017,7.54,7.56,7.43,7.45
17/11/2017,7.47,7.52,7.44,7.47
20/11/2017,7.47,7.54,7.44,7.52
21/11/2017,7.5,7.55,7.48,7.52
22/11/2017,7.55,7.57,7.49,7.5
23/11/2017,7.54,7.54,7.47,7.5
24/11/2017,7.53,7.53,7.47,7.5
27/11/2017,7.53,7.54,7.48,7.51
28/11/2017,7.52,7.52,7.48,7.51
29/11/2017,7.52,7.52,7.47,7.47
30/11/2017,7.43,7.5,7.4,7.5
1/12/2017,7.51,7.56,7.51,7.55
4/12/2017,7.57,7.58,7.48,7.5
5/12/2017,7.47,7.51,7.45,7.49
6/12/2017,7.57,7.57,7.49,7.53
7/12/2017,7.49,7.54,7.46,7.54
8/12/2017,7.54,7.6,7.53,7.58
11/12/2017,7.6,7.63,7.58,7.63
12/12/2017,7.65,7.65,7.55,7.63
13/12/2017,7.64,7.65,7.53,7.54
14/12/2017,7.57,7.6,7.52,7.58
15/12/2017,7.5,7.57,7.5,7.52
18/12/2017,7.54,7.54,7.44,7.45
19/12/2017,7.48,7.49,7.43,7.43
20/12/2017,7.43,7.45,7.38,7.43
21/12/2017,7.43,7.44,7.39,7.43
22/12/2017,7.44,7.48,7.42,7.43
26/12/2017,7.43,7.44,7.4,7.4
27/12/2017,7.42,7.45,7.41,7.42
28/12/2017,7.45,7.46,7.42,7.43
29/12/2017,7.42,7.47,7.41,7.44
